<?xml version="1.0" encoding="UTF-8"?>
<!DOCTYPE generatorConfiguration
        PUBLIC "-//mybatis.org//DTD MyBatis Generator Configuration 1.0//EN"
        "http://mybatis.org/dtd/mybatis-generator-config_1_0.dtd">
<generatorConfiguration>
    <properties resource="generator.properties"/>

    <context id="MySQL" targetRuntime="MyBatis3" defaultModelType="conditional">

        <property name="javaFileEncoding" value="UTF-8"/>
        <property name="javaFormatter" value="org.mybatis.generator.api.dom.DefaultJavaFormatter"/>
        <property name="xmlFormatter" value="org.mybatis.generator.api.dom.DefaultXmlFormatter"/>

        <plugin type="org.mybatis.generator.plugins.SerializablePlugin"/>
        <plugin type="org.mybatis.generator.plugins.ToStringPlugin"/>
        <!--
        <plugin type="org.mybatis.generator.plugins.EqualsHashCodePlugin"/>
        -->

        <commentGenerator>
            <property name="suppressAllComments" value="true"/>
            <property name="suppressDate" value="true"/>
            <property name="constructorBased" value="true"/>
        </commentGenerator>

        <jdbcConnection
                driverClass="${jdbc.driverClassName}"
                connectionURL="${jdbc.driverUrl}"
                userId="${jdbc.user}"
                password="${jdbc.password}">
        </jdbcConnection>

        <javaTypeResolver>
            <property name="forceBigDecimals" value="false"/>
        </javaTypeResolver>

        <javaModelGenerator targetPackage="${modelPackage}" targetProject="${targetProject}">
            <property name="enableSubPackages" value="true"/>
            <property name="trimStrings" value="false"/>
        </javaModelGenerator>

        <sqlMapGenerator targetPackage="${sqlMapperPackage}" targetProject="${targetResProject}">
            <property name="enableSubPackages" value="true"/>
        </sqlMapGenerator>

        <javaClientGenerator type="XMLMAPPER" targetPackage="${daoMapperPackage}" targetProject="${targetProject}">
            <property name="enableSubPackages" value="true"/>
        </javaClientGenerator>

        <table tableName="t_user" domainObjectName="UserDO" mapperName="UserDAO"
               enableCountByExample="true" enableUpdateByExample="false"
               enableDeleteByExample="false" enableSelectByExample="true"
               selectByExampleQueryId="false"/>

    </context>
</generatorConfiguration>